Name,Added by,Awards,Block,Points,Classificação do jogador,Adicionado por,Wzrost,Matches,Wyświetlenia,Pozycja,Spike,Player ranking,Zasięg w ataku,Nacionalidade,Visualizações,Data urodzenia,Posição,Ranking in 2023,Nationality,Ranking,Position,Ranking siatkarza,Waga,Last activity,Birthdate,Height,Dominant hand,Narodowość,Altura,Ranking trenera,Zasięg w bloku,Dodano przez,Data de nascimento,Views,Peso,Tournaments,Ranking w 2023,Weight,Ręka,Coach ranking,Classificação de treinador
Maksim Mikhaylov,Volleybox,49,340,9068.60,,,,530,,,360,,,,,,,,Russia,1,Opposite,,,,1988-03-19,202,Right,,,,,,,65819,,110,,103,,,
Wilfredo Leon,Volleybox,62,346,8429.80,,,,464,,,385,,,,,,,23,Poland,2,Outside Hitter,,,,1993-07-31,201,Right,,,,,,,126298,,83,,96,,,
Sergio Dutra Santos,Volleybox,45,310,8172.20,,,,304,,,325,,,,,,,,Brazil,3,Libero,,,,1975-10-15,184,,,,,,,,52889,,97,,78,,,
Osmany Juantorena,Volleybox,39,340,7344.40,,,,629,,,370,,,,,,,114,Italy,4,Outside Hitter,,,,1985-08-12,200,,,,,,,,70921,,95,,85,,,
Sergey Tetyukhin,Volleybox,16,338,6596.75,,,,497,,,349,5,,,,,,,Russia,,Outside Hitter,,,,1975-09-23,197,Right,,,,,,,30616,,134,,89,,,
Ivan Miljković,Volleybox,32,333,6583.75,,,,256,,,354,6,,,,,,,Serbia,,Opposite,,,,1979-09-13,206,,,,,,,,39493,,110,,88,,,
Robertlandy Simon Aties,Volleybox,44,362,6409.45,,,,494,,,389,,,,,,,5,Cuba,7,Middle-blocker,,,,1987-06-11,208,Right,,,,,,,76781,,88,,114,,,
Wallace de Souza,Volleybox,37,340,6315.85,,,,373,,,360,,,,,,,71,Brazil,8,Opposite,,,,1987-06-26,198,Right,,,,,,,48191,,96,,87,,,
Dmitriy Muserskiy,Volleybox,45,347,6177.20,,,,497,,,375,,,,,,,74,Russia,9,Opposite,,,,1988-10-29,218,Right,,,,,,,55605,,80,,104,,,
Bruno Rezende,Volleybox,21,318,6103.55,,,,475,,,334,,,,,,,80,Brazil,10,Setter,,,,1986-07-02,190,Right,,,,,,,87414,,113,,76,,,
Andrea Giani,Volleybox,9,322,5973.05,,,,812,,,356,11,,,,,,,Italy,,Middle-blocker,,,,1970-04-22,196,,,,,,,,29272,,176,,,,121,
Matey Kaziyski,Volleybox,29,345,5824.95,,,,703,,,378,,,,,,,24,Bulgaria,12,Outside Hitter,,,,1984-09-23,203,Right,,,,,,,75574,,112,,93,,,
Mariusz Wlazły,,,,5702.50,,,194,,39750,Atakujący,,,365,,,1983-08-04,,,,13,,,80,,,,,Polska,,,329,Volleybox,,,,,382,,,,
Aleksey Verbov,Volleybox,21,210,5600.20,,,,561,,,315,14,,,,,,,Russia,,Libero,,,,1982-01-31,183,,,,,,,,20006,,110,,79,,992,
William Arjona,Volleybox,35,295,5579.65,,,,330,,,300,,,,,,,25,Brazil,15,Setter,,,,1979-07-31,185,,,,,,,,21622,,100,,78,,,
Yoandy Leal Hidalgo,Volleybox,31,340,5397.75,,,,423,,,371,,,,,,,13,Brazil,16,Outside Hitter,,,,1988-08-31,201,Right,,,,,,,53191,,82,,107,,,
Gilberto de Godoy Filho,Volleybox,14,312,5360.55,,,,115,,,325,,,,,,,,Brazil,17,Outside Hitter,,,,1976-12-23,192,,,,,,,,36467,,100,,85,,,
Bartosz Kurek,Volleybox,31,340,5345.05,,,,451,,,375,,,,,,,15,Poland,18,Opposite,,,,1988-08-29,205,Right,,,,,,,99740,,109,,104,,,
Lorenzo Bernardi,Volleybox,8,331,5339.30,,,,456,,,340,19,,,,,,,Italy,,Outside Hitter,,,,1968-08-10,199,,,,,,,,22477,,141,,93,,217,
Tsvetan Sokolov,Volleybox,27,350,5304.65,,,,643,,,370,,,,,,,,Bulgaria,20,Opposite,,,,1989-12-31,206,Right,,,,,,,36885,,107,,100,,,
Samuele Papi,Volleybox,9,310,5294.90,,,,654,,,345,21,,,,,,,Italy,,Outside Hitter,,,,1973-05-20,190,,,,,,,,14633,,139,,84,,3007,
Earvin Ngapeth,Volleybox,28,327,5282.35,,,,638,,,358,,,,,,,80,France,22,Outside Hitter,,,,1991-02-12,194,Right,,,,,,,119085,,106,,96,,,
Marko Podraščanin,Volleybox,18,326,5100.80,,,,739,,,346,,,,,,,96,Serbia,23,Middle-blocker,,,,1987-08-29,204,,,,,,,,29280,,117,,92,,,
Jenia Grebennikov,Volleybox,32,330,5067.55,,,,599,,,345,,,,,,,,France,24,Libero,,,,1990-08-13,188,,,,,,,,59848,,96,,74,,,
Alessandro Fei,Volleybox,18,336,5050.95,,,,657,,,358,25,,,,,,,Italy,,Opposite,,,,1978-11-29,204,,,,,,,,16210,,113,,90,,,
Nikola Grbić,Volleybox,11,330,5007.44,,,,724,,,346,26,,,,,,,Serbia,,Setter,,,,1973-09-06,195,,,,,,,,34407,,149,,91,,239,
Murilo Endres,Volleybox,13,321,4999.60,,,,376,,,343,,,,,,,235,Brazil,27,Outside Hitter,,,,1981-05-03,190,Right,,,,,,,36825,,100,,76,,,
Dante Amaral,Volleybox,15,327,4957.25,,,,356,,,345,28,,,,,,,Brazil,,Outside Hitter,,,,1980-09-30,201,,,,,,,,25563,,117,,86,,,
Ivan Zaytsev,Volleybox,27,355,4952.20,,,,825,,,370,,,,,,,143,Italy,29,Opposite,,,,1988-10-02,204,Right,,,,,,,87080,,97,,100,,,
Andrea Gardini,przemek16,4,,4948.40,,,,531,,,,30,,,,,,,Italy,,Middle-blocker,,,,1965-10-01,202,,,,,,,,17401,,156,,78,,196,
Aleksandar Atanasijević,Volleybox,32,338,4915.69,,,,509,,,360,,,,,,,173,Serbia,31,Opposite,,,,1991-09-04,200,Right,,,,,,,57965,,99,,92,,,
Andrea Sartoretti,Volleybox,16,319,4909.95,,,,615,,,353,32,,,,,,,Italy,,Opposite,,,,1971-06-19,194,Left,,,,,,,11797,,123,,88,,,
Mauricio Lima,Volleybox,17,304,4889.40,,,,291,,,321,33,,,,,,,Brazil,,Setter,,,,1968-01-27,184,,,,,,,,12441,,123,,81,,,
Gustavo Endres,Volleybox,15,325,4861.05,,,,233,,,337,34,,,,,,,Brazil,,Middle-blocker,,,,1975-08-23,203,,,,,,,,14383,,94,,98,,,
Matthew Anderson,Volleybox,19,332,4821.69,,,,449,,,360,,,,,,,,USA,35,Outside Hitter,,,,1987-04-18,204,,,,,,,,80395,,100,,100,,,
Dmitriy Fomin,Volleybox,13,,4820.15,,,,367,,,,36,,,,,,,Russia,,Opposite,,,,1968-01-21,200,,,,,,,,14207,,130,,97,,1597,
Luigi Mastrangelo,Volleybox,18,336,4789.80,,,,284,,,368,,,,,,,,Italy,37,Middle-blocker,,,,1975-08-17,202,,,,,,,,13286,,86,,90,,,
Lucas Saatkamp,Volleybox,12,340,4698.55,,,,410,,,360,,,,,,,16,Brazil,38,Middle-blocker,,,,1986-03-06,209,Right,,,,,,,35023,,108,,101,,,
Luca Cantagalli,Volleybox,3,,4691.95,,,,181,,,,39,,,,,,,Italy,,Outside Hitter,,,,1965-12-08,199,,,,,,,,9340,,112,,,,1863,
Sergey Grankin,Volleybox,15,330,4686.35,,,,536,,,351,,,,,,,,Russia,40,Setter,,,,1985-01-21,195,Right,,,,,,,26881,,116,,96,,,
Ricardo Lucarelli,Volleybox,22,340,4680.00,,,,416,,,355,,,,,,,76,Brazil,41,Outside Hitter,,,,1992-02-14,196,Right,,,,,,,47507,,85,,90,,,
Marco Bracci,Volleybox,3,,4560.10,,,,293,,,,42,,,,,,,Italy,,Opposite,,,,1966-08-23,197,,,,,,,,7782,,148,,,,420,
Aleksandr Volkov,Volleybox,11,335,4481.85,,,,588,,,360,43,,,,,,,Russia,,Middle-blocker,,,,1985-02-14,210,,,,,,,,25739,,105,,100,,,
Georg Grozer,Volleybox,26,345,4376.56,,,,380,,,374,,,,,,,,Germany,44,Opposite,,,,1984-11-27,200,,,,,,,,77475,,105,,102,,,
Aleksey Kuleshov,Volleybox,10,344,4372.05,,,,208,,,353,45,,,,,,,Russia,,Middle-blocker,,,,1979-02-24,206,,,,,,,,10215,,83,,96,,,
Paolo Tofoli,przemek16,5,321,4246.55,,,,340,,,345,46,,,,,,,Italy,,Setter,,,,1966-08-10,188,,,,,,,,8003,,121,,68,,1146,
Nalbert Bitencourt,Volleybox,20,309,4225.45,,,,21,,,329,,,,,,,,Brazil,47,Outside Hitter,,,,1974-03-09,196,Right,,,,,,,10160,,68,,92,,,
Hubert Henno,Volleybox,11,310,4218.80,,,,951,,,330,48,,,,,,,France,,Libero,,,,1976-10-06,188,,,,,,,,17133,,105,,83,,2346,
Raphael Vieira de Oliveira,Volleybox,6,306,4206.60,,,,538,,,317,,,,,,,338,Brazil,49,Setter,,,,1979-06-14,190,,,,,,,,23589,,108,,86,,,
Valerio Vermiglio,Volleybox,4,320,4206.35,,,,324,,,342,50,,,,,,,Italy,,Setter,,,,1976-03-01,193,,,,,,,,14599,,115,,85,,,
Paweł Zatorski,,,,4198.05,,,184,,19165,Libero,,,328,,,1990-06-21,,,,51,,,73,,,,,Polska,,,304,Volleybox,,,,,326,,,,
Emanuele Birarelli,Volleybox,14,316,4195.80,,,,523,,,340,,,,,,,,Italy,52,Middle-blocker,,,,1981-02-08,202,,,,,,,,11043,,79,,95,,,
Aleksandr Butko,Volleybox,8,327,4111.65,,,,507,,,329,,,,,,,,Russia,53,Setter,,,,1986-03-18,198,,,,,,,,22978,,99,,89,,,
Simone Giannelli,soidensir3,16,335,4040.60,,,,534,,,363,,,,,,,91,Italy,54,Setter,,,,1996-08-09,200,Right,,,,,,,65774,,78,,80,,,
Bas van de Goor,przemek16,11,,3995.50,,,,31,,,,,,,,,,,Netherlands,55,Middle-blocker,,,,1971-09-04,209,Right,,,,,,,11989,,70,,100,,,
Michał Kubiak,,,,3993.80,,,192,,52354,Przyjmujący,,,347,,,1988-02-23,,,,56,,,87,,,,,Polska,,,320,Volleybox,,,,,,,,,
Luciano De Cecco,Volleybox,13,315,3975.75,,,,595,,,332,,,,,,,143,Argentina,57,Setter,,,,1988-06-02,194,,,,,,,,47570,,104,,89,,,
Mirko Corsano,przemek16,8,308,3961.35,,,,329,,,320,58,,,,,,,Italy,,Libero,,,,1973-10-28,191,,,,,,,,7228,,99,,80,,1374,
Artiom Volvich,,,,3959.20,,,,,,,,,,,,,,,,,,,,,,,,,,,,,,,,,,,,,
Jochen Schöps,Volleybox,20,335,3936.15,,,,418,,,360,,,,,,,,Germany,60,Opposite,,,,1983-10-08,200,,,,,,,,20363,,106,,100,,,
Sergio Nogueira,Volleybox,18,319,3933.62,,,,254,,,322,,,,,,,,Brazil,61,Libero,,,,1978-08-25,184,,,,,,,,9477,,75,,80,,,
Benjamin Toniutti,Volleybox,17,310,3889.80,,,,604,,,320,,,,,,,270,France,62,Setter,,,,1989-10-30,183,,,,,,,,38229,,107,,74,,,
Yuriy Berezhko,Volleybox,6,325,3873.40,,,,608,,,335,,,,,,,,Russia,63,Outside Hitter,,,,1984-01-27,199,Right,,,,,,,19853,,100,,98,,,
Clay Stanley,Volleybox,17,332,3868.20,,,,182,,,357,,,,,,,,USA,64,Opposite,,,,1978-01-20,205,,,,,,,,20112,,70,,104,,,
Nimir Abdel-Aziz,Volleybox,39,350,3844.55,,,,389,,,365,,,,,,,29,Netherlands,65,Opposite,,,,1992-02-05,202,Right,,,,,,,97193,,73,,90,,,
Lloy Ball,Volleybox,16,316,3749.20,,,,145,,,351,,,,,,,,USA,66,Setter,,,,1972-02-17,203,,,,,,,,14195,,76,,89,,,
Aleksandr Savin,,,,3744.00,,,,,,,,,,,,,,,,,,,,,,,,,,,,,,,,,,,,,
Pasquale Gravina,Volleybox,2,,3742.85,,,,66,,,,,,,,,,,Italy,68,Middle-blocker,,,,1970-05-01,202,,,,,,,,4958,,80,,102,,,
Isac Santos,Volleybox,9,306,3722.30,,,,368,,,340,,,,,,,520,Brazil,69,Middle-blocker,,,,1990-12-13,208,,,,,,,,25919,,96,,99,,,
Marcos Milinkovic,,14,338,3700.65,,,,126,,,355,70,,,,,,,Argentina,,Opposite,,,2 months ago,1971-12-22,205,,,,,,,,17322,,111,,100,,1335,
Vadim Khamuttskikh,Volleybox,4,310,3697.90,,,,182,,,327,71,,,,,,,Russia,,Setter,,,,1969-11-26,197,,,,,,,,8500,,90,,82,,1820,
Andrea Zorzi,przemek16,6,,3696.30,,,,10,,,,,,,,,,,Italy,72,Opposite,,,,1965-07-29,205,,,,,,,,10779,,69,,80,,,
Sebastián Solé,Volleybox,17,342,3692.20,,,,450,,,362,,,,,,,91,Argentina,73,Middle-blocker,,,,1991-06-12,200,,,,,,,,25899,,86,,88,,,
Leandro Vissotto Neves,Volleybox,13,345,3685.40,,,,463,,,365,74,,,,,,117,Brazil,,Opposite,,,,1983-04-30,212,,,,,,,,22163,,97,,105,,,
Peter Blangé,,,,3663.25,,,,,,,,,,,,,,,,,,,,,,,,,,,,,,,,,,,,,
Srećko Lisinac,Volleybox,16,355,3660.10,,,,409,,,370,,,,,,,96,Serbia,76,Middle-blocker,,,,1992-05-17,205,Right,,,,,,,34963,,87,,79,,,
Giovane Gávio,Volleybox,6,322,3638.20,,,,233,,,340,77,,,,,,,Brazil,,Outside Hitter,,,,1970-09-07,196,,,,,,,,10928,,118,,89,,543,
Andrea Lucchetta,Volleybox,2,,3634.05,,,,18,,,,,,,,,,,Italy,78,Middle-blocker,,,,1962-11-25,200,,,,,,,,6264,,75,,80,,,
Vyacheslav Zaytsev,Volleybox,6,,3613.20,,,,81,,,,79,,,,,,,Russia,,Setter,,,,1952-11-12,191,,,,,,,,13750,,92,,97,,351,
Piotr Nowakowski,Volleybox,17,338,3611.05,,,,389,,,368,,,,,,,,Poland,80,Middle-blocker,,,,1987-12-18,206,Right,,,,,,,18828,,98,,105,,,
Éder Carbonera,Volleybox,8,330,3605.65,,,,385,,,350,,,,,,,235,Brazil,81,Middle-blocker,,,,1983-10-19,205,,,,,,,,13745,,99,,101,,,
Marco Meoni,przemek16,5,320,3602.60,,,,257,,,335,,,,,,,,Italy,82,Setter,,,,1973-05-25,196,,,,,,,,5427,,87,,77,,,
Uroš Kovačević,Volleybox,22,338,3592.30,,,,471,,,355,,,,,,,188,Serbia,83,Outside Hitter,,,,1993-05-06,197,Left,,,,,,,44230,,109,,90,,,
Andrija Gerić,,7,323,3538.29,,,,161,,,350,,,,,,,,Serbia,84,Middle-blocker,,,2 years ago,1977-01-24,203,,,,,,,,16713,,85,,95,,,
Ricardo Garcia,Volleybox,6,320,3528.60,,,,348,,,337,85,,,,,,,Brazil,,Setter,,,,1975-11-19,191,Left,,,,,,,32053,,96,,89,,,
Marcelo Negrão,,,,3480.60,86,przemek16,,,,,,,,Brasil,9204,,Oposto,,,,,,,,,,,,198,,,,1972-10-10,,94,,,,,,3304
Fabio Vullo,Volleybox,0,,3458.30,,,,58,,,,,,,,,,,Italy,87,Setter,,,,1964-09-01,198,,,,,,,,7398,,82,,,,,
Facundo Conte,Volleybox,18,334,3457.45,,,,453,,,354,,,,,,,3,Argentina,88,Outside Hitter,,,,1989-08-25,197,Right,,,,,,,41188,,97,,85,,,
Nikolay Apalikov,Volleybox,7,344,3456.85,,,,291,,,353,,,,,,,,Russia,89,Middle-blocker,,,,1982-08-26,203,,,,,,,,8448,,82,,103,,,
Alberto Cisolla,Volleybox,3,340,3453.95,,,,417,,,355,,,,,,,,Italy,90,Outside Hitter,,,,1977-10-17,197,,,,,,,,9274,,101,,86,,,
Roman Yakovlev,Volleybox,5,328,3443.20,,,,413,,,342,91,,,,,,,Russia,,Opposite,,,,1976-08-13,202,,,,,,,,11969,,108,,101,,858,
Maurício Souza,Volleybox,11,323,3440.95,,,,310,,,344,,,,,,,,Brazil,92,Middle-blocker,,,,1988-09-29,209,,,,,,,,15763,,79,,93,,,
Krzysztof Ignaczak,Volleybox,8,315,3432.59,,,,207,,,335,93,,,,,,,Poland,,Libero,,,,1978-05-15,188,,,,,,,,9997,,97,,86,,,
Paweł Zagumny,,,,3414.85,,,200,,14170,Rozgrywający,,,330,,,1977-10-18,,,,,,94,88,,,,,Polska,,,320,Volleybox,,,,,,,,,
Rodrigo Santana,Volleybox,3,328,3411.60,,,,122,,,350,95,,,,,,,Brazil,,Middle-blocker,,,,1979-04-17,205,,,,,,,,7746,,81,,85,,5215,
Stéphane Antiga,Volleybox,4,321,3406.25,,,,814,,,344,96,,,,,,,France,,Outside Hitter,,,,1976-02-03,200,,,,,,,,21785,,137,,94,,336,
Maurício Borges,Volleybox,12,315,3405.70,,,,370,,,335,,,,,,,265,Brazil,97,Outside Hitter,,,,1989-02-04,199,,,,,,,,28808,,94,,99,,,
Seyed Mohammad Mousavi,Volleybox,20,344,3381.70,,,,137,,,362,,,,,,,455,Iran,98,Middle-blocker,,,,1987-08-22,203,Right,,,,,,,31464,,79,,86,,,
Oh-Hyun Yeo,Volleybox,27,279,3373.80,,,,630,,,280,99,,,,,,270,South Korea,,Libero,,,,1978-09-02,175,,,,,,,,8843,,113,,70,,1528,
Marcelo Elgarten,Volleybox,4,308,3353.45,,,,244,,,321,,,,,,,,Brazil,100,Setter,,,,1974-11-09,186,,,,,,,,9923,,98,,84,,,
Konstantin Ushakov,Volleybox,1,332,3338.70,,,,401,,,343,101,,,,,,,Russia,,Setter,,,,1970-03-24,198,,,,,,,,7407,,152,,77,,303,
Luiz Felipe Fonteles,Volleybox,13,338,3325.75,,,,429,,,351,,,,,,,,Brazil,102,Outside Hitter,,,,1984-06-19,197,,,,,,,,24603,,90,,93,,,
Hristo Zlatanov,Volleybox,6,315,3323.60,,,,579,,,355,103,,,,,,,Italy,,Outside Hitter,,,,1976-04-21,204,,,,,,,,9400,,103,,103,,,
André Nascimento,,,,3306.70,,,,,,,,,,,,,,,,,,,,,,,,,,,,,,,,,,,,,
Alexey Kazakov,Volleybox,3,344,3289.20,,,,361,,,358,105,,,,,,,Russia,,Middle-blocker,,,,1976-03-18,217,,,,,,,,9482,,107,,112,,1290,
Ron Zwerver,przemek16,8,,3286.90,,,,146,,,,106,,,,,,,Netherlands,,Outside Hitter,,,,1967-06-06,200,,,,,,,,9659,,111,,93,,1190,
Micah Christenson,Volleybox,20,340,3256.03,,,,409,,,349,,,,,,,,USA,107,Setter,,,,1993-05-08,198,,,,,,,,58636,,67,,88,,,
John Gordon Perrin,Volleybox,40,329,3241.65,,,,406,,,358,,,,,,,338,Canada,108,Outside Hitter,,,,1989-08-17,201,,,,,,,,30110,,78,,95,,,
Alexis Ruben González,Volleybox,17,300,3240.62,,,,400,,,321,109,,,,,,309,Argentina,,Libero,,,,1981-07-21,184,,,,,,,,14211,,101,,85,,,
Evandro Guerra,,10,332,3240.05,,,,313,,,359,,,,,,,,Brazil,110,Opposite,,,5 months ago,1981-12-27,207,,,,,,,,18333,,88,,103,,,
Łukasz Żygadło,Volleybox,3,321,3213.00,,,,359,,,342,,,,,,,474,Poland,111,Setter,,,,1979-08-02,201,Right,,,,,,,17131,,104,,91,,,
Vigor Bovolenta,Volleybox,0,345,3210.35,,,,184,,,358,,,,,,,,Italy,112,Middle-blocker,,,,1974-05-30,202,,,,,,,,6930,,85,,91,,,
Dragan Stanković,Volleybox,4,333,3205.76,,,,633,,,355,,,,,,,80,Serbia,113,Middle-blocker,,,,1985-10-18,205,Right,,,,,,,20427,,97,,94,,,
Aleksandr Kosarev,Volleybox,1,328,3201.35,,,,511,,,339,114,,,,,,,Russia,,Outside Hitter,,,,1977-09-30,203,,,,,,,,6525,,102,,95,,1150,
Rafael Pascual,Volleybox,8,329,3194.34,,,,117,,,355,,,,,,,,Spain,115,Outside Hitter,,,,1970-03-16,196,,,,,,,,10975,,98,,88,,,
Alessandro Farina,Volleybox,4,310,3190.65,,,,325,,,342,,,,,,,,Italy,116,Libero,,,,1976-05-16,182,,,,,,,,5947,,79,,80,,,
Ruslan Olikhver,Volleybox,3,,3176.25,,,,151,,,,117,,,,,,,Russia,,Middle-blocker,,,,1969-04-11,201,,,,,,,,6893,,102,,91,,,
Teodor Salparov,Volleybox,7,305,3164.53,,,,382,,,320,,,,,,,314,Bulgaria,118,Libero,,,,1982-08-16,187,,,,,,,,14233,,131,,77,,,
Pavel Abramov,Volleybox,13,336,3132.55,,,,102,,,347,,,,,,,,Russia,119,Outside Hitter,,,,1979-04-23,200,,,,,,,,7307,,62,,87,,,
Luca Tencati,soidensir3,3,330,3119.25,,,,413,,,350,,,,,,,,Italy,120,Middle-blocker,,,,1979-03-16,200,,,,,,,,4833,,76,,97,,,
Semion Poltavskiy,Volleybox,10,338,3116.85,,,,153,,,360,,,,,,,,Russia,121,Opposite,,,,1981-02-08,205,Right,,,,,,,9806,,67,,89,,,
Massimo Colaci,soidensir3,2,290,3111.18,,,,714,,,320,,,,,,,91,Italy,122,Libero,,,,1985-02-21,185,,,,,,,,12549,,84,,75,,,
Erik Shoji,Volleybox,17,321,3103.05,,,,345,,,330,,,,,,,218,USA,123,Libero,,,,1989-08-24,184,,,,,,,,39394,,74,,83,,,
Mikiyasu Tanaka,sitenoise,27,,3053.75,,,,153,,,330,124,,,,,,,Japan,,Outside Hitter,,,,1955-03-18,195,Right,,,,,,,1781,,135,,87,,669,
Michał Winiarski,,,,3034.15,,,200,,19209,Przyjmujący,,,355,,,1983-09-28,,,,,,125,82,,,,,Polska,,963,332,Volleybox,,,,,,,,,
Gilson Bernardo,Volleybox,23,,2978.15,,,,96,,,,126,,,,,,,Brazil,,Opposite,,,,1968-02-20,194,,,,,,,,4972,,51,,94,,3745,
André Heller,Volleybox,3,321,2970.10,,,,401,,,339,127,,,,,,,Brazil,,Middle-blocker,,,,1975-12-17,199,,,,,,,,8537,,107,,93,,,
Miguel Angel López,marciovolley,27,350,2967.85,,,,161,,,372,,,,,,,8,Cuba,128,Outside Hitter,,,,1997-03-25,190,Right,,,,,,,30091,,62,,83,,,
Marcin Możdżonek,,,,2953.55,,,212,,10332,Środkowy,,,360,,,1985-02-09,,,,129,,,104,,,,,Polska,,,340,Volleybox,,,,,,,,,
Leonel Marshall,Volleybox,13,343,2932.40,,,,344,,,383,,,,,,,573,Cuba,130,Outside Hitter,,,,1979-09-25,196,Right,,,,,,,59391,,72,,86,,,
Marko Ivović,Volleybox,15,330,2931.03,,,,431,,,350,,,,,,,,Serbia,131,Outside Hitter,,,,1990-12-22,194,Right,,,,,,,31149,,80,,92,,,
Damiano Pippi,Volleybox,3,305,2923.25,,,,115,,,325,,,,,,,,Italy,132,Libero,,,,1971-08-23,194,,,,,,,,4257,,72,,,,,
David Smith,Volleybox,10,345,2920.65,,,,513,,,360,,,,,,,218,USA,133,Middle-blocker,,,,1985-05-15,202,,,,,,,,23919,,94,,86,,,
Arslan Ekşi,sait864,18,295,2914.44,,,,351,,,310,,,,,,,104,Turkey,134,Setter,,,,1985-07-17,196,,,,,,,,27138,,98,,93,,,
Gavin Schmitt,Volleybox,24,340,2906.75,,,,262,,,372,,,,,,,,Canada,135,Opposite,,,,1986-01-27,208,Right,,,,,,,28077,,62,,106,,,
Taras Khtey,Volleybox,2,325,2906.55,,,,341,,,347,136,,,,,,,Russia,,Outside Hitter,,,,1982-05-22,205,Right,,,,,,,6496,,88,,105,,,
Pavel Pankov,Volleybox,18,330,2898.45,,,,394,,,345,,,,,,,,Russia,137,Setter,,,,1995-08-14,198,,,,,,,,22350,,64,,90,,,
Cristian Savani,Volleybox,14,335,2889.05,,,,363,,,354,,,,,,,,Italy,138,Outside Hitter,,,,1982-02-22,195,,,,,,,,17106,,70,,95,,,
Karol Kłos,,,,2887.85,,,201,,16341,Środkowy,,,360,,,1989-08-08,,,,139,,,87,,,,,Polska,,,330,Volleybox,,,,,28,,,,
Sidnei Santos,Volleybox,4,318,2877.70,,,,249,,,344,,,,,,,,Brazil,140,Middle-blocker,,,,1982-07-09,203,,,,,,,,12154,,78,,98,,,
Wout Wijsmans,,,,2876.60,,,,,,,,,,,,,,,,,,,,,,,,,,,,,,,,,,,,,
Andrey Egorchev,Volleybox,1,315,2861.60,,,,177,,,332,142,,,,,,,Russia,,Middle-blocker,,,,1978-02-08,206,,,,,,,,5787,,75,,117,,5355,
Vladimir Nikolov,Volleybox,7,325,2848.75,,,,529,,,345,143,,,,,,,Bulgaria,,Opposite,,,,1977-10-03,200,Right,,,,,,,20911,,98,,95,,,
Taylor Sander,Volleybox,13,330,2838.53,,,,260,,,358,,,,,,,,USA,144,Outside Hitter,,,,1992-03-17,193,Right,,,,,,,46160,,66,,80,,,
Pavel Kruglov,soidensir3,7,342,2837.35,,,,517,,,351,,,,,,,,Russia,145,Opposite,,,,1985-09-17,205,Right,,,,,,,10602,,90,,90,,,
Maxwell Holt,Volleybox,11,333,2833.30,,,,452,,,351,,,,,,,179,USA,146,Middle-blocker,,,,1987-03-12,208,,,,,,,,36069,,73,,90,,,
Evgeniy Sivozhelez,Volleybox,3,320,2832.10,,,,493,,,330,,,,,,,,Russia,147,Outside Hitter,,,,1986-08-06,196,,,,,,,,12528,,86,,90,,,
David Lee,Volleybox,9,325,2820.15,,,,158,,,350,148,,,,,,,USA,,Middle-blocker,,,,1982-03-08,203,,,,,,,,26477,,77,,105,,5188,
Miguel Angel Falasca,Volleybox,5,322,2812.62,,,,303,,,345,149,,,,,,,Spain,,Setter,,,,1973-04-29,194,,,,,,,,10903,,111,,90,,748,
Amauri Ribeiro,Volleybox,2,,2786.35,,,,0,,,,,,,,,,,Brazil,150,Middle-blocker,,,,1959-01-23,198,,,,,,,,3870,,66,,87,,,
Claudio Galli,marciovolley,2,,2774.20,,,,4,,,,,,,,,,,Italy,151,Middle-blocker,,,,1965-07-12,195,,,,,,,,4153,,61,,,,,
Thales Hoss,Volleybox,13,303,2771.70,,,,340,,,320,,,,,,,381,Brazil,152,Libero,,,,1989-04-27,190,,,,,,,,21392,,81,,80,,,
Filippo Lanza,Volleybox,5,330,2766.00,,,,583,,,350,,,,,,,173,Italy,153,Outside Hitter,,,,1991-03-03,198,,,,,,,,32147,,72,,98,,,
Franco Bertoli,Volleybox,1,,2765.20,,,,41,,,,154,,,,,,,Italy,,Outside Hitter,,,,1959-04-29,192,,,,,,,,4809,,67,,83,,868,
Cristian Casoli,Volleybox,1,315,2758.04,,,,313,,,345,,,,,,,,Italy,155,Outside Hitter,,,,1975-01-27,192,,,,,,,,6503,,86,,85,,,
Demián González,Volleybox,9,318,2752.05,,,,278,,,328,,,,,,,218,Argentina,156,Setter,,,,1983-02-21,192,,,,,,,,10166,,98,,81,,,
Nikolay Pavlov,,16,321,2748.90,,,,254,,,342,157,,,,,,,Ukraine,,Opposite,,,1 month ago,1982-05-22,196,Right,,,,,,,12131,,73,,92,,,
José Montanaro,Volleybox,2,,2738.45,,,,78,,,,158,,,,,,,Brazil,,Outside Hitter,,,,1958-06-29,187,,,,,,,,7422,,90,,81,,,
Alan Souza,mvs,14,343,2732.80,,,,317,,,367,,,,,,,386,Brazil,159,Opposite,,,,1994-03-21,202,Right,,,,,,,36058,,69,,98,,,
Wolfgang Kuck,franzvinci01,14,,2728.75,,,,336,,,,,,,,,,,Germany,160,Outside Hitter,,,,1967-10-12,197,,,,,,,,3886,,78,,,,,
Piotr Gruszka,Volleybox,4,325,2726.30,,,,311,,,354,161,,,,,,,Poland,,Outside Hitter,,,,1977-03-08,206,,,,,,,,9299,,103,,105,,1450,
Osvaldo Hernández,Volleybox,10,,2708.90,,,,252,,,,,,,,,,,Cuba,162,Opposite,,,,1970-07-11,202,,,,,,,,7504,,53,,91,,,
João Paulo Bravo,Volleybox,4,320,2704.25,,,,441,,,340,163,,,,,,,Brazil,,Outside Hitter,,,,1979-01-07,193,,,,,,,,12629,,98,,87,,2547,
Davide Bellini,soidensir3,0,,2691.70,,,,59,,,,,,,,,,,Italy,164,Setter,,,,1969-05-20,197,,,,,,,,4639,,74,,,,,
Fabian Drzyzga,Volleybox,8,325,2691.60,,,,359,,,343,,,,,,,326,Poland,165,Setter,,,,1990-01-03,196,,,,,,,,22284,,95,,95,,,
Filipe Ferraz,,,,2685.35,,,,,,,,,,,,,,,,,,,,,,,,,,,,,,,,,,,,,
Goran Vujević,Volleybox,5,315,2685.05,,,,431,,,335,167,,,,,,,Montenegro,,Outside Hitter,,,,1973-02-27,192,,,,,,,,11214,,86,,94,,,
Andrey Ashchev,Volleybox,4,338,2676.90,,,,312,,,350,,,,,,,,Russia,168,Middle-blocker,,,,1983-05-10,202,,,,,,,,9088,,73,,105,,,
Renan Dal Zotto,Volleybox,3,,2666.55,,,,352,,,,169,,,,,,,Brazil,,Outside Hitter,,,,1960-07-19,190,,,,,,,,12990,,131,,,,111,
William Priddy,Volleybox,4,330,2655.45,,,,186,,,353,,,,,,,,USA,170,Outside Hitter,,,,1977-10-01,194,,,,,,,,15150,,79,,89,,,
Vladimir Grbić,Volleybox,2,310,2647.84,,,,63,,,330,,,,,,,,Serbia,171,Outside Hitter,,,,1970-12-14,193,,,,,,,,16156,,72,,87,,,
Jiří Kovář,Volleybox,5,330,2646.54,,,,621,,,353,,,,,,,82,Italy,172,Outside Hitter,,,,1989-04-10,202,,,,,,,,20836,,73,,95,,,
Antônio Carlos Gouveia,Volleybox,1,,2644.20,,,,10,,,,,,,,,,,Brazil,173,Middle-blocker,,,,1965-04-20,198,,,,,,,,6849,,62,,,,,
Rodrigo Leão,mvs,6,316,2638.00,,,,352,,,331,,,,,,,71,Brazil,174,Outside Hitter,,,,1996-06-05,199,,,,,,,,12820,,80,,83,,,
Emre Batur,Volleybox,11,330,2612.69,,,,280,,,340,,,,,,,382,Turkey,175,Middle-blocker,,,,1988-04-21,202,,,,,,,,11813,,76,,94,,,
Thiago Alves,Volleybox,9,308,2606.25,,,,217,,,330,,,,,,,549,Brazil,176,Outside Hitter,,,,1986-07-26,194,,,,,,,,11128,,70,,88,,,
Igor Shulepov,Volleybox,3,310,2605.85,,,,271,,,340,177,,,,,,,Russia,,Outside Hitter,,,,1972-11-16,203,,,,,,,,5118,,102,,99,,1028,
Todor Aleksiev,Volleybox,6,340,2605.00,,,,329,,,355,178,,,,,,314,Bulgaria,,Outside Hitter,,,,1983-04-21,204,,,,,,,,21295,,108,,105,,,
Ernardo Gómez,,14,350,2591.99,,,,265,,,355,,,,,,,,Venezuela,179,Opposite,,,4 months ago,1982-07-30,195,,,,,,,,23343,,86,,90,,,
Fernando Kreling,mvs,7,302,2584.25,,,,341,,,320,,,,,,,,Brazil,180,Setter,,,,1996-01-13,185,,,,,,,,19066,,74,,85,,,
Pablo Meana,,14,,2581.05,,,,76,,,,181,,,,,,,Argentina,,Libero,,,5 minutes ago,1975-06-10,187,,,,,,,,14552,,59,,86,,3172,
Kóstas Christofidélis,Volleybox,6,338,2578.90,,,,633,,,358,182,,,,,,,Greece,,Outside Hitter,,,,1977-06-26,195,,,,,,,,5811,,119,,96,,2846,
Dragan Travica,Volleybox,4,320,2576.20,,,,544,,,335,,,,,,,12,Italy,183,Setter,,,,1986-08-28,200,,,,,,,,24126,,81,,94,,,
Dawid Konarski,Volleybox,13,335,2570.15,,,,339,,,350,,,,,,,188,Poland,184,Opposite,,,,1989-08-31,198,Right,,,,,,,16089,,73,,101,,,
Antonin Rouzier,Volleybox,9,330,2564.45,,,,550,,,350,,,,,,,336,France,185,Opposite,,,,1986-08-18,201,Right,,,,,,,26961,,78,,100,,,
Marcus Böhme,Volleybox,9,330,2564.15,,,,356,,,360,,,,,,,164,Germany,186,Middle-blocker,,,,1985-08-25,211,,,,,,,,20241,,99,,116,,,
Fabio Balaso,Volleybox,14,290,2558.30,,,,378,,,310,,,,,,,143,Italy,187,Libero,,,,1995-10-20,178,,,,,,,,20577,,57,,79,,,
Ferdinando De Giorgi,Volleybox,1,,2528.45,,,,625,,,,188,,,,,,,Italy,,Setter,,,,1961-10-10,178,,,,,,,,15655,,143,,,,59,
Evgeniy Mitkov,marciovolley,3,341,2528.35,,,,441,,,352,189,,,,,,,Russia,,Libero,,,,1972-03-23,194,,,,,,,,2789,,112,,89,,499,
Anderson Rodrigues,Volleybox,5,321,2513.50,,,,347,,,330,190,,,,,,,Brazil,,Opposite,,,,1974-05-21,190,,,,,,,,8694,,92,,95,,674,
Mitar Djuric,Volleybox,15,340,2509.15,,,,642,,,365,,,,,,,262,Greece,191,Middle-blocker,,,,1989-04-25,211,Right,,,,,,,28187,,96,,115,,,
Tine Urnaut,Volleybox,3,345,2505.05,,,,555,,,365,,,,,,,407,Slovenia,192,Outside Hitter,,,,1988-09-03,199,Right,,,,,,,39120,,97,,87,,,
Andrea Bari,Volleybox,5,310,2498.45,,,,387,,,327,,,,,,,,Italy,193,Libero,,,,1980-03-05,185,,,,,,,,6774,,67,,81,,,
Dmitriy Ilinykh,Volleybox,4,330,2494.30,,,,513,,,338,194,,,,,,,Russia,,Outside Hitter,,,,1987-01-31,201,,,,,,,,16567,,88,,92,,,
Burutay Subaşı,Volleybox,12,330,2491.65,,,,332,,,340,,,,,,,20,Turkey,195,Outside Hitter,,,,1990-07-15,194,,,,,,,,17167,,85,,99,,,
Gilmar Teixeira,Volleybox,5,,2485.10,,,,59,,,,,,,,,,,Brazil,196,Opposite,,,,1970-10-30,198,,,,,,,,5614,,63,,93,,,
Jan Posthuma,Volleybox,9,,2476.25,,,,10,,,,,,,,,,,Netherlands,197,Middle-blocker,,,,1963-06-11,209,,,,,,,,4912,,46,,96,,,
Dmitriy Volkov,soidensir3,16,338,2473.15,,,,343,,,351,,,,,,,,Russia,198,Outside Hitter,,,,1995-05-25,202,Right,,,,,,,29373,,52,,88,,,
Martin Ramos,,8,328,2468.94,,,,191,,,348,,,,,,,449,Argentina,199,Middle-blocker,,,7 months ago,1991-08-26,197,Right,,,,,,,24595,,80,,95,,,
Jin-Sik Shin,przemek16,17,335,2462.00,,,,207,,,337,200,,,,,,,South Korea,,Outside Hitter,,,,1975-02-01,188,,,,,,,,6028,,90,,80,,1106,
Dmitriy Shcherbinin,soidensir3,7,335,2460.20,,,,512,,,350,,,,,,,,Russia,201,Middle-blocker,,,,1989-09-10,205,Right,,,,,,,8202,,77,,95,,,
Nicolás Uriarte,Volleybox,8,326,2451.60,,,,436,,,346,,,,,,,71,Argentina,202,Setter,,,,1990-03-21,192,,,,,,,,19864,,83,,82,,,
Vladislav Babichev,Volleybox,0,320,2449.20,,,,302,,,328,203,,,,,,,Russia,,Libero,,,,1981-02-18,185,,,,,,,,4901,,68,,72,,5044,
Otávio Pinto,Volleybox,11,327,2444.55,,,,346,,,350,,,,,,,71,Brazil,204,Middle-blocker,,,,1991-02-27,202,,,,,,,,13048,,77,,97,,,
Hugo Conte,Volleybox,6,,2437.25,,,,50,,,,205,,,,,,,Argentina,,Outside Hitter,,,,1963-04-14,197,,,,,,,,10513,,73,,90,,3144,
Douglas Chiarotti,Volleybox,4,,2436.55,,,,72,,,,206,,,,,,,Brazil,,Middle-blocker,,,,1970-11-10,201,,,,,,,,4428,,79,,105,,1298,
Ilya Savelyev,soidensir3,7,,2436.00,,,,58,,,,,,,,,,,Russia,207,Outside Hitter,,,,1971-06-10,202,,,,,,,,4381,,62,,90,,,
Guido Görtzen,Volleybox,6,331,2430.95,,,,115,,,345,208,,,,,,,Netherlands,,Opposite,,,,1970-11-09,202,,,,,,,,7772,,76,,90,,3140,
Angel Dennis,,8,335,2419.09,,,,338,,,358,,,,,,,522,Cuba,209,Opposite,,,3 months ago,1977-06-13,194,Left,,,,,,,23146,,74,,89,,,
Evgeny Krasilnikov,Volleybox,3,,2410.90,,,,2,,,,,,,,,,,Russia,210,Setter,,,,1965-04-07,191,,,,,,,,2601,,73,,,,,
Igor Omrčen,Volleybox,12,330,2404.95,,,,365,,,375,,,,,,,,Croatia,211,Opposite,,,,1980-09-26,208,,,,,,,,13891,,80,,106,,,
Mário Júnior,Volleybox,8,321,2401.25,,,,183,,,330,,,,,,,,Brazil,212,Libero,,,,1982-05-03,192,,,,,,,,7868,,62,,91,,,
Yury Panchenko,Volleybox,0,,2400.50,,,,167,,,,213,,,,,,,Russia,,Opposite,,,,1959-02-05,198,,,,,,,,5299,,101,,,,297,
Se-Jin Kim,Volleybox,15,,2398.80,,,,131,,,,214,,,,,,,South Korea,,Opposite,,,,1974-01-30,197,Left,,,,,,,5387,,71,,83,,1680,
Simone Parodi,Volleybox,7,335,2394.00,,,,645,,,350,,,,,,,439,Italy,215,Outside Hitter,,,,1986-06-16,196,,,,,,,,14915,,71,,82,,,
Saeid Marouflakrani,przemek16,12,311,2393.60,,,,174,,,331,,,,,,,57,Iran,216,Setter,,,,1985-10-09,189,Right,,,,,,,45753,,67,,81,,,
Jan Štokr,Volleybox,8,341,2380.81,,,,364,,,368,217,,,,,,,Czech Republic,,Opposite,,,,1983-01-16,205,,,,,,,,14620,,76,,110,,,
Kunihiro Shimizu,Volleybox,14,335,2370.40,,,,325,,,345,,,,,,,,Japan,218,Opposite,,,,1986-08-11,193,Left,,,,,,,19470,,77,,97,,,
Aleksandr Bogomolov,Volleybox,1,332,2365.85,,,,271,,,341,219,,,,,,,Russia,,Middle-blocker,,,,1976-02-01,208,,,,,,,,6265,,77,,95,,1726,
Alexandre Samuel,przemek16,3,,2359.40,,,,0,,,,,,,,,,,Brazil,220,Outside Hitter,,,,1970-03-20,197,,,,,,,,9562,,58,,86,,,
Aléxis Valido,marciovolley,10,312,2347.55,,,,137,,,325,,,,,,,,Spain,221,Libero,,,,1976-03-09,188,,,,,,,,2628,,89,,85,,,
Mateusz Bieniek,przemek16,9,330,2345.50,,,,348,,,365,,,,,,,28,Poland,222,Middle-blocker,,,,1994-04-05,208,,,,,,,,27129,,66,,105,,,
Liberman Agamez,Volleybox,16,357,2333.05,,,,376,,,365,,,,,,,362,Colombia,223,Opposite,,,,1985-02-15,207,Right,,,,,,,37486,,68,,100,,,
Douglas Souza,Volleybox,7,319,2331.40,,,,306,,,345,,,,,,,126,Brazil,224,Outside Hitter,,,,1995-08-20,199,,,,,,,,21162,,64,,75,,,
Francesco Dall'Olio,franzvinci01,0,,2322.95,,,,128,,,,225,,,,,,,Italy,,Setter,,,,1953-12-30,186,,,,,,,,2022,,103,,,,381,
Valentin Golubev,soidensir3,4,305,2318.55,,,,403,,,310,,,,,,,,Russia,226,Libero,,,,1992-05-03,190,,,,,,,,9972,,66,,70,,,
Denis Kaliberda,Volleybox,5,314,2316.55,,,,368,,,343,,,,,,,232,Germany,227,Outside Hitter,,,,1990-06-24,193,Right,,,,,,,26554,,87,,95,,,
Markus Steuerwald,przemek16,9,328,2309.75,,,,450,,,340,228,,,,,,,Germany,,Libero,,,,1989-03-07,182,,,,,,,,10160,,83,,85,,4582,
Dawid Murek,Volleybox,7,315,2309.20,,,,308,,,337,229,,,,,,,Poland,,Outside Hitter,,,,1977-07-21,196,,,,,,,,10094,,85,,100,,4022,
Valery Losev,John Doe,0,,2308.80,,,,27,,,,230,,,,,,,Kyrgyzstan,,Setter,,,,1956-02-28,199,Left,,,,,,,1957,,96,,89,,242,
Vladimir Kondra,slintyen,1,,2305.60,,,,153,,,,231,,,,,,,Russia,,Outside Hitter,,,,1950-11-16,185,,,,,,,,1510,,114,,,,60,
Viktor Yosifov,Volleybox,10,340,2290.24,,,,440,,,350,,,,,,,314,Bulgaria,232,Middle-blocker,,,,1985-10-16,204,,,,,,,,12717,,72,,100,,,
Aleksandr Gerasimov,soidensir3,3,341,2274.35,,,,349,,,352,233,,,,,,,Russia,,Opposite,,,,1975-01-22,201,,,,,,,,4435,,93,,92,,1257,
Matej Černič,,,,2273.70,,,,,,,,,,,,,,,,,,,,,,,,,,,,,,,,,,,,,
Stanislav Dineykin,Volleybox,4,342,2273.50,,,,200,,,353,235,,,,,,,Russia,,Opposite,,,,1973-10-10,215,Right,,,,,,,8157,,73,,101,,1873,
Lukáš Ticháček,Volleybox,6,324,2270.65,,,,387,,,328,,,,,,,321,Czech Republic,236,Setter,,,,1982-01-12,193,,,,,,,,11824,,88,,84,,,
Viktor Poletaev,Volleybox,13,340,2266.70,,,,381,,,370,,,,,,,,Russia,237,Opposite,,,,1995-07-27,198,Left,,,,,,,37175,,58,,86,,,
Michał Ruciak,,,,2262.95,,,190,,8645,Libero,,,336,,,1983-08-22,,,,,,238,82,,,,,Polska,,,318,Volleybox,,,,,,,,,
Bogdan Jalowietzki,Gerdy Geleyn,9,,2256.10,,,,96,,,352,239,,,,,,,Germany,,Middle-blocker,,,,1967-12-13,202,,,,,,,,2468,,75,,97,,3386,
Nicolas Le Goff,Volleybox,8,316,2250.92,,,,414,,,346,,,,,,,95,France,240,Middle-blocker,,,,1992-02-15,203,,,,,,,,22447,,75,,97,,,
Grzegorz Łomacz,Volleybox,1,309,2249.20,,,,363,,,336,,,,,,,28,Poland,241,Setter,,,,1987-10-01,187,,,,,,,,14430,,93,,81,,,
Alessandro Paparoni,Volleybox,4,314,2248.30,,,,413,,,340,242,,,,,,,Italy,,Outside Hitter,,,,1981-08-17,191,,,,,,,,4790,,71,,75,,1385,
Sebastian Świderski,,,,2247.50,,,193,,8880,Przyjmujący,,,355,,,1977-06-26,,,,,,243,87,,,,,Polska,,1226,327,Volleybox,,,,,,,,,
Aleksey Ostapenko,Volleybox,4,340,2246.25,,,,347,,,355,,,,,,,,Russia,244,Middle-blocker,,,,1986-05-26,208,,,,,,,,7425,,70,,94,,,
Yaroslav Antonov,Volleybox,2,,2245.60,,,,384,,,,245,,,,,,,Russia,,Opposite,,,,1963-01-10,198,,,,,,,,5434,,104,,95,,194,
Sergey Makarov,Volleybox,0,329,2236.65,,,,411,,,337,,,,,,,,Russia,246,Setter,,,,1980-03-28,196,,,,,,,,6449,,85,,97,,,
Giacomo Giretto,soidensir3,1,,2231.65,,,,165,,,,,,,,,,,Italy,247,Middle-blocker,,,,1973-01-05,206,,,,,,,,4117,,62,,,,,
Sergey Baranov,Volleybox,2,330,2227.20,,,,337,,,354,248,,,,,,,Russia,,Opposite,,,,1981-08-10,208,,,,,,,,10805,,67,,96,,4131,
Daniel Pliński,Volleybox,5,330,2219.45,,,,358,,,350,249,,,,,,,Poland,,Middle-blocker,,,,1978-12-10,204,,,,,,,,12315,,87,,100,,1331,
Artiom Ermakov,Volleybox,2,313,2219.20,,,,305,,,323,,,,,,,,Russia,250,Libero,,,,1982-03-16,188,,,,,,,,5734,,67,,80,,,
Luca Vettori,Volleybox,5,338,2217.58,,,,439,,,360,,,,,,,141,Italy,251,Opposite,,,,1991-04-26,200,Right,,,,,,,26508,,59,,95,,,
Riad Ribeiro,Volleybox,1,335,2213.55,,,,518,,,350,,,,,,,186,Brazil,252,Middle-blocker,,,,1981-10-02,205,,,,,,,,11542,,81,,95,,,
Aleksander Śliwka,,,,2211.77,,,198,,37693,Przyjmujący,,,342,,,1995-05-24,,,,253,,,83,,,,,Polska,,,332,Volleybox,,,,,45,,Lewa,,
Simone Rosalba,soidensir3,3,316,2207.60,,,,115,,,345,,,,,,,,Italy,254,Opposite,,,,1976-01-31,197,,,,,,,,4813,,59,,,,,
Aleksandr Gutsalyuk,Volleybox,3,345,2204.25,,,,411,,,362,,,,,,,412,Russia,255,Middle-blocker,,,,1988-01-15,205,,,,,,,,11212,,66,,105,,,
Rudi Schumann,John Doe,2,,2195.25,,,,11,,,,,,,,,,,Germany,256,Middle-blocker,,,,1947-02-15,184,Right,,,,,,,1234,,46,,82,,,
Vasílis Kournétas,Volleybox,4,334,2193.39,,,,425,,,345,,,,,,,,Greece,257,Setter,,,,1976-08-02,191,,,,,,,,5791,,98,,84,,,
Alan Domingos,Volleybox,6,323,2192.06,,,,171,,,354,,,,,,,,Brazil,258,Libero,,,,1980-02-15,190,,,,,,,,11070,,69,,89,,,
Yung-Suk Shin,przemek16,19,325,2189.90,,,,357,,,335,,,,,,,30,South Korea,259,Middle-blocker,,,,1986-10-04,198,Right,,,,,,,9893,,73,,90,,,
Oleg Shatunov,Volleybox,3,,2187.85,,,,2,,,,,,,,,,,Russia,260,Middle-blocker,,,,1967-02-20,204,,,,,,,,3968,,56,,100,,,
Piotr Gacek,,5,305,2182.25,,,,256,,,320,261,,,,,,,Poland,,Libero,,,1 week ago,1978-09-16,185,,,,,,,,9982,,77,,80,,,
Plamen Konstantinov,Volleybox,6,330,2165.25,,,,686,,,347,262,,,,,,,Bulgaria,,Outside Hitter,,,,1973-06-14,202,,,,,,,,13430,,147,,93,,254,
Aaron Russell,soidensir3,9,340,2161.45,,,,389,,,365,,,,,,,100,USA,263,Outside Hitter,,,,1993-06-04,205,Right,,,,,,,40839,,53,,95,,,
Nemanja Petrić,Volleybox,4,320,2149.70,,,,433,,,350,,,,,,,392,Serbia,264,Outside Hitter,,,,1987-07-28,202,Right,,,,,,,21204,,79,,86,,,
Oliver Kieffer,przemek16,5,335,2144.30,,,,523,,,355,,,,,,,,France,265,Middle-blocker,,,,1979-08-27,200,,,,,,,,3497,,64,,85,,,
Slobodan Boškan,Volleybox,0,320,2141.80,,,,594,,,343,266,,,,,,,Serbia,,Outside Hitter,,,,1975-08-18,197,,,,,,,,8278,,130,,87,,1082,
Alexey Obmochaev,Volleybox,5,310,2139.35,,,,472,,,325,,,,,,,387,Russia,267,Libero,,,,1989-05-22,188,,,,,,,,12590,,63,,80,,,
Kévin Le Roux,Volleybox,4,345,2138.70,,,,476,,,365,,,,,,,,France,268,Middle-blocker,,,,1989-05-11,209,,,,,,,,33652,,82,,95,,,
Marko Klok,Volleybox,4,,2137.64,,,,249,,,,269,,,,,,,Netherlands,,Outside Hitter,,,,1968-03-14,193,,,,,,,,12371,,118,,86,,1107,
Elvis Contreras,Volleybox,13,330,2132.15,,,,128,,,363,,,,,,,448,Dominican Republic,270,Outside Hitter,,,,1979-07-20,188,,,,,,,,12015,,62,,94,,,
Igor Kobzar,Volleybox,1,315,2131.95,,,,428,,,337,,,,,,,,Russia,271,Setter,,,,1991-04-13,198,,,,,,,,18613,,71,,86,,,
Aleksandr Abrosimov,Volleybox,5,325,2131.80,,,,363,,,341,,,,,,,,Russia,272,Middle-blocker,,,,1983-08-25,207,,,,,,,,7002,,76,,98,,,
Igor Runov,marciovolley,0,,2129.40,,,,23,,,,,,,,,,,Russia,273,Middle-blocker,,,,1963-02-08,203,,,,,,,,1622,,49,,98,,,
Santiago Danani,marciovolley,16,300,2124.75,,,,227,,,318,,,,,,,188,Argentina,274,Libero,,,,1995-12-12,176,,,,,,,,17932,,44,,76,,,
Lukas Diviš,Volleybox,4,340,2123.10,,,,410,,,348,,,,,,,372,Slovakia,275,Outside Hitter,,,,1986-02-20,201,,,,,,,,18356,,83,,91,,,
Frantz Granvorka,Volleybox,3,327,2122.75,,,,484,,,364,276,,,,,,,France,,Opposite,,,,1976-03-10,195,,,,,,,,9819,,81,,90,,2836,
Michał Bąkiewicz,Volleybox,0,328,2121.65,,,,204,,,339,277,,,,,,,Poland,,Outside Hitter,,,,1981-03-22,197,,,,,,,,5531,,87,,89,,1870,
Karch Kiraly,Volleybox,9,,2113.00,,,,429,,,,278,,,,,,,USA,,Outside Hitter,,,,1960-11-03,188,,,,,,,,22923,,109,,93,,55,
Tae-Woong Choi,przemek16,10,302,2110.85,,,,326,,,315,279,,,,,,,South Korea,,Setter,,,,1976-04-09,185,,,,,,,,7230,,97,,80,,1261,
João José,Volleybox,7,345,2105.58,,,,161,,,352,280,,,,,,,Portugal,,Middle-blocker,,,,1978-06-07,195,,,,,,,,11205,,82,,87,,2781,
Pāvels Seļivanovs,Gerdy Geleyn,0,,2101.50,,,,95,,,,281,,,,,,,Latvia,,Outside Hitter,,,,1952-07-23,194,,,,,,,,1269,,54,,97,,3300,
Zbigniew Bartman,Volleybox,9,330,2100.20,,,,349,,,363,,,,,,,439,Poland,282,Opposite,,,,1987-05-04,198,,,,,,,,41837,,76,,91,,,
Gilberto Passani,John Doe,0,,2096.04,,,,23,,,,283,,,,,,,Italy,,Middle-blocker,,,,1961-04-23,195,,,,,,,,1176,,59,,,,,
Ihosvany Hernández,Volleybox,4,340,2093.34,,,,16,,,350,,,,,,,,Cuba,284,Middle-blocker,,,,1972-08-06,206,,,,,,,,8328,,53,,103,,,
Yuri Sapega,John Doe,0,,2091.20,,,,89,,,,285,,,,,,,Russia,,Middle-blocker,,,,1965-01-01,194,,,,,,,,1380,,68,,85,,854,
Alain Fabiani,Volleybox,2,,2086.20,,,,198,,,,,,,,,,,France,286,Setter,,,,1958-09-14,186,,,,,,,,6797,,52,,80,,,
Michał Łasko,,,,2085.32,,,202,,11606,Atakujący,,,348,,,1981-03-10,,,,287,,,98,,,,,"Włochy,Polska",,,337,Volleybox,,,,,,,Lewa,,
Lucas Lóh,Volleybox,1,320,2082.65,,,,365,,,336,,,,,,,201,Brazil,288,Outside Hitter,,,,1991-01-18,195,Right,,,,,,,17049,,71,,83,,,
Ahmed Salah,Volleybox,9,316,2081.90,,,,59,,,342,,,,,,,146,Egypt,289,Opposite,,,,1984-08-19,197,Left,,,,,,,13805,,84,,87,,,
Matteo Piano,Volleybox,8,325,2079.21,,,,407,,,352,,,,,,,282,Italy,290,Middle-blocker,,,,1990-10-23,208,,,,,,,,15961,,55,,102,,,
Salvador Hidalgo Oliva,,17,332,2068.10,,,,333,,,355,,,,,,,87,Cuba,291,Outside Hitter,,,3 months ago,1985-12-27,195,Right,,,,,,,34302,,60,,98,,,
José Luis Moltó,Volleybox,5,,2065.87,,,,182,,,352,292,,,,,,,Spain,,Middle-blocker,,,,1975-06-29,206,,,,,,,,5308,,83,,94,,2848,
Vladimir Dorokhov,John Doe,0,,2055.25,,,,6,,,,293,,,,,,,Russia,,Outside Hitter,,,,1954-02-18,194,,,,,,,,982,,49,,,,2525,
Richard Lambourne,Volleybox,4,312,2051.60,,,,63,,,324,,,,,,,,USA,294,Libero,,,,1975-05-06,190,,,,,,,,7181,,62,,90,,,
Jungo Morita,John Doe,18,,2050.75,,,,20,,,,295,,,,,,,Japan,,Middle-blocker,,,,1947-08-09,194,,,,,,,,1083,,56,,85,,2767,
Andrzej Stelmach,Volleybox,0,318,2047.05,,,,167,,,336,296,,,,,,,Poland,,Setter,,,,1972-08-15,200,,,,,,,,6875,,89,,97,,2717,
Pierre Pujol,Volleybox,2,315,2045.40,,,,674,,,335,,,,,,,353,France,297,Setter,,,,1984-07-13,186,,,,,,,,23076,,94,,90,,,
Björn Andrae,Volleybox,3,330,2042.75,,,,326,,,355,,,,,,,143,Germany,298,Outside Hitter,,,,1981-05-14,200,,,,,,,,15608,,98,,90,,,
Fred Winters,Volleybox,0,329,2042.60,,,,253,,,357,,,,,,,,Canada,299,Outside Hitter,,,,1982-09-25,195,,,,,,,,11300,,85,,98,,,
Richard Schuil,Volleybox,5,329,2041.85,,,,24,,,347,,,,,,,,Netherlands,300,Opposite,,,,1973-02-05,202,Right,,,,,,,11091,,103,,95,,,
Paul Duerden,Volleybox,6,320,2039.25,,,,295,,,358,,,,,,,,Canada,301,Opposite,,,,1974-10-22,195,,,,,,,,4988,,54,,100,,,
Alen Pajenk,Volleybox,4,342,2037.10,,,,398,,,357,,,,,,,87,Slovenia,302,Middle-blocker,,,,1986-04-23,203,,,,,,,,18676,,92,,92,,,
Nuri Şahin,Volleybox,5,325,2036.69,,,,236,,,330,303,,,,,,,Turkey,,Libero,,,,1980-01-01,197,,,,,,,,9426,,80,,91,,2426,
Yu Koshikawa,Volleybox,15,320,2035.60,,,,151,,,340,,,,,,,,Japan,304,Outside Hitter,,,,1984-06-30,189,,,,,,,,10901,,79,,87,,,
Mikko Esko,Volleybox,7,319,2033.60,,,,403,,,341,,,,,,,163,Finland,305,Setter,,,,1978-09-03,198,Right,,,,,,,11675,,110,,89,,,
Nicolas Maréchal,Volleybox,4,327,2033.15,,,,584,,,338,,,,,,,80,France,306,Outside Hitter,,,,1987-03-04,198,,,,,,,,20178,,76,,83,,,
Flávio Gualberto,mvs,12,345,2029.60,,,,281,,,356,,,,,,,91,Brazil,307,Middle-blocker,,,,1993-04-22,200,Right,,,,,,,23563,,61,,92,,,
Salvatore Rossini,Volleybox,4,301,2027.70,,,,492,,,312,,,,,,,80,Italy,308,Libero,,,,1986-07-13,185,,,,,,,,11767,,59,,82,,,
Kamil Semeniuk,makoretu,7,326,2027.70,,,,391,,,352,,,,,,,91,Poland,308,Outside Hitter,,,,1996-07-16,194,Right,,,,,,,43380,,49,,85,,,
Laurent Chambertin,Volleybox,0,322,2026.55,,,,471,,,337,309,,,,,,,France,,Setter,,,,1966-09-29,191,,,,,,,,4840,,80,,92,,3473,
Nicolás Bruno,Volleybox,7,320,2025.10,,,,275,,,340,,,,,,,78,Argentina,310,Outside Hitter,,,,1989-02-24,188,,,,,,,,23866,,76,,86,,,
Bob Ctvrtlik,Volleybox,7,,2023.80,,,,0,,,,,,,,,,,USA,311,Outside Hitter,,,,1963-07-08,193,,,,,,,,7087,,28,,89,,,
Roman Danilov,Volleybox,7,325,2015.55,,,,372,,,356,,,,,,,,Russia,312,Opposite,,,,1985-01-04,208,Right,,,,,,,14073,,65,,90,,,
Nikola Rosić,Volleybox,4,315,2014.95,,,,111,,,328,,,,,,,,Serbia,313,Libero,,,,1984-08-05,192,,,,,,,,8216,,73,,85,,,
Christian Pampel,Volleybox,4,320,2012.21,,,,209,,,340,314,,,,,,,Germany,,Opposite,,,,1979-09-06,202,Right,,,,,,,9050,,107,,100,,3408,
Egor Kliuka,soidensir3,7,350,2011.15,,,,343,,,370,,,,,,,,Russia,315,Outside Hitter,,,,1995-06-15,209,,,,,,,,27219,,51,,94,,,
Vladimir Shkurikhin,soidensir3,1,,2010.40,,,,0,,,,,,,,,,,Russia,316,Opposite,,,,1958-07-26,201,,,,,,,,2883,,43,,103,,,
Mitja Gasparini,Volleybox,8,332,2010.16,,,,415,,,347,,,,,,,478,Slovenia,317,Opposite,,,,1984-06-26,201,,,,,,,,20075,,78,,94,,,
Sam Deroo,Volleybox,5,340,2009.75,,,,485,,,360,,,,,,,,Belgium,318,Outside Hitter,,,,1992-04-29,203,,,,,,,,29165,,77,,101,,,
Sándor Kántor,bpeter0228,10,,2009.55,,,,168,,,,319,,,,,,,Hungary,,Outside Hitter,,,,1971-02-01,196,,,,,,,,4966,,99,,,,1207,
Simone Anzani,Volleybox,3,330,2009.26,,,,429,,,350,,,,,,,143,Italy,320,Middle-blocker,,,,1992-02-24,203,Right,,,,,,,16321,,62,,100,,,
Ho-Chul Kim,franzvinci01,8,,2008.40,,,,301,,,,321,,,,,,,South Korea,,Setter,,,,1955-02-05,175,Left,,,,,,,5087,,141,,68,,205,
Aleksandr Korneev,Volleybox,1,339,2008.15,,,,118,,,348,,,,,,,,Russia,322,Outside Hitter,,,,1980-09-11,200,Right,,,,,,,4806,,55,,96,,,
Boyan Yordanov,Volleybox,9,335,2004.74,,,,440,,,358,,,,,,,209,Bulgaria,323,Opposite,,,,1983-03-12,197,Left,,,,,,,14308,,96,,86,,,
Pedro Rangel,soidensir3,15,324,2002.80,,,,199,,,340,,,,,,,262,Mexico,324,Setter,,,,1988-09-16,192,,,,,,,,14357,,76,,85,,,
Andrej Kravárik,Volleybox,8,350,1993.85,,,,492,,,360,325,,,,,,,Slovakia,,Opposite,,,,1971-07-28,204,,,,,,,,8501,,119,,97,,1542,
Ventzislav Simeonov,Volleybox,5,318,1993.35,,,,235,,,356,326,,,,,,,Italy,,Opposite,,,,1977-02-03,200,,,,,,,,6419,,60,,103,,3929,
Łukasz Wiśniewski,,,,1983.85,,,198,,11169,Środkowy,,,343,,,1989-02-03,,,,327,,,104,,,,,Polska,,,320,Volleybox,,,,,270,,Prawa,,
Marlon Muraguti,Volleybox,2,289,1982.30,,,,338,,,310,,,,,,,543,Brazil,328,Setter,,,,1977-07-27,188,,,,,,,,10234,,75,,82,,,
Daniele Sottile,Volleybox,0,310,1976.40,,,,540,,,332,,,,,,,143,Italy,329,Setter,,,,1979-08-17,186,,,,,,,,13489,,73,,73,,,
Dražen Luburić,przemek16,12,331,1971.99,,,,300,,,360,,,,,,,,Serbia,330,Opposite,,,,1993-11-02,205,Right,,,,,,,28062,,63,,106,,,
Oreol Camejo,Volleybox,7,350,1967.35,,,,345,,,373,,,,,,,270,Cuba,331,Outside Hitter,,,,1986-07-22,207,Right,,,,,,,51628,,71,,94,,,
Hendrik Jan Held,Volleybox,0,,1964.75,,,,243,,,,332,,,,,,,Netherlands,,Middle-blocker,,,,1967-11-12,201,,,,,,,,6847,,95,,93,,1474,
Selçuk Keskin,Volleybox,5,325,1960.89,,,,277,,,335,,,,,,,240,Turkey,333,Setter,,,,1982-01-15,193,,,,,,,,10969,,81,,93,,,
Viljar Loor,John Doe,0,,1958.80,,,,12,,,,,,,,,,,Estonia,334,Middle-blocker,,,,1953-10-01,196,,,,,,,,1204,,36,,96,,,
Giórgos Stefánou,Charálampos Andreópoulos,7,295,1954.79,,,,578,,,305,335,,,,,,,Greece,,Libero,,,,1981-01-12,187,,,,,,,,5772,,103,,82,,4019,
Alen Šket,Volleybox,4,320,1947.65,,,,316,,,350,,,,,,,98,Slovenia,336,Outside Hitter,,,,1988-03-28,205,,,,,,,,15139,,90,,92,,,
Theo Lopes,,6,324,1942.30,,,,254,,,345,,,,,,,182,Brazil,337,Opposite,,,1 month ago,1983-08-31,200,,,,,,,,23341,,71,,100,,,
Lukas Kampa,Volleybox,4,320,1937.55,,,,395,,,335,,,,,,,382,Germany,338,Setter,,,,1986-11-29,196,Right,,,,,,,20797,,85,,90,,,
Kawika Shoji,Volleybox,5,315,1934.80,,,,270,,,331,,,,,,,,USA,339,Setter,,,,1987-11-11,190,,,,,,,,22709,,59,,79,,,
Thomas Hoff,Volleybox,5,,1934.25,,,,199,,,,,,,,,,,USA,340,Middle-blocker,,,,1973-06-09,203,,,,,,,,5939,,54,,,,,
Ivan Yakovlev,Volleybox,13,350,1933.25,,,,344,,,363,,,,,,,,Russia,341,Middle-blocker,,,,1995-04-17,207,Right,,,,,,,17533,,45,,86,,,
Raúl Diago,Volleybox,6,,1933.20,,,,1,,,,,,,,,,,Cuba,342,Setter,,,,1967-08-01,192,,,,,,,,6049,,26,,90,,,
Thomas Jaeschke,Wilfredo_is_Marshall,18,330,1928.50,,,,345,,,348,,,,,,,2,USA,343,Outside Hitter,,,,1993-09-04,200,,,,,,,,38463,,48,,84,,,
Ali Peçen,przemek16,1,,1928.34,,,,18,,,,,,,,,,,Turkey,344,Libero,,,,1969-01-30,192,,,,,,,,3235,,62,,,,,
Nikólaos Smaragdís,Volleybox,2,318,1926.80,,,,573,,,328,,,,,,,,Greece,345,Middle-blocker,,,,1982-02-12,202,,,,,,,,5426,,109,,89,,,
Lucas De Deus,mvs,5,282,1920.30,,,,264,,,301,,,,,,,71,Brazil,346,Libero,,,,1987-01-26,183,,,,,,,,9090,,74,,80,,,
Nikolay Uchikov,Volleybox,9,330,1919.35,,,,293,,,355,,,,,,,298,Bulgaria,347,Opposite,,,,1986-04-13,207,,,,,,,,13668,,80,,100,,,
Nuno Pinheiro,Volleybox,4,325,1917.80,,,,516,,,337,,,,,,,,Portugal,348,Setter,,,,1984-12-31,193,,,,,,,,8357,,83,,89,,,
Hee-Wan Lee,slintyen,10,,1917.75,,,,97,,,,349,,,,,,,South Korea,,Setter,,,,1956-01-15,187,,,,,,,,1640,,108,,,,273,
Stephen Boyer,Volleybox,10,334,1917.70,,,,395,,,355,,,,,,,270,France,350,Opposite,,,,1996-04-10,196,,,,,,,,88334,,65,,90,,,
Graham Vigrass,soidensir3,15,330,1916.10,,,,295,,,354,,,,,,,,Canada,351,Middle-blocker,,,,1989-06-17,205,Right,,,,,,,17825,,66,,97,,,
David Konečný,Volleybox,6,330,1914.00,,,,400,,,351,,,,,,,,Czech Republic,352,Opposite,,,,1982-10-10,193,,,,,,,,10591,,65,,94,,,
Max Günthör,Volleybox,6,325,1906.70,,,,90,,,350,,,,,,,,Germany,353,Middle-blocker,,,,1985-08-09,207,,,,,,,,5862,,57,,93,,,
Οsniel Melgarejo,Lefos95,15,346,1905.15,,,,188,,,363,,,,,,,57,Cuba,354,Outside Hitter,,,,1997-12-18,198,Right,,,,,,,22621,,51,,94,,,
Renan Buiatti,Volleybox,5,345,1903.10,,,,339,,,360,,,,,,,242,Brazil,355,Opposite,,,,1990-01-10,217,Left,,,,,,,22107,,57,,110,,,
Aleksey Samoylenko,Volleybox,4,342,1902.50,,,,439,,,356,,,,,,,412,Russia,356,Middle-blocker,,,,1985-06-23,210,,,,,,,,8491,,58,,106,,,
Pablo Crer,Volleybox,6,330,1897.65,,,,207,,,350,,,,,,,309,Argentina,357,Middle-blocker,,,,1989-06-12,205,,,,,,,,11386,,74,,78,,,
Patryk Czarnowski,,,,1897.10,,,202,,7053,Środkowy,,,365,,,1985-01-11,,,,358,,,98,,,,,Polska,,,334,Volleybox,,,,,,,,,
Takeshi Nagano,soidensir3,11,300,1895.00,,,,290,,,315,,,,,,,,Japan,359,Libero,,,,1985-07-11,176,,,,,,,,5684,,75,,65,,,
Loïc De Kergret,przemek16,1,315,1894.35,,,,512,,,335,,,,,,,,France,360,Setter,,,,1970-08-20,193,,,,,,,,8221,,65,,84,,,
Yuri Starunsky,John Doe,0,,1893.60,,,,24,,,,361,,,,,,,Ukraine,,Setter,,,,1945-04-17,189,,,,,,,,779,,54,,,,623,
Martin Lébl,przemek16,6,334,1892.05,,,,311,,,346,,,,,,,,Czech Republic,362,Middle-blocker,,,,1980-04-12,201,,,,,,,,9562,,63,,90,,,
Ferdinand Tille,Volleybox,8,316,1891.88,,,,282,,,338,,,,,,,271,Germany,363,Libero,,,,1988-12-08,185,,,,,,,,11292,,68,,75,,,
Dejan Vincić,Volleybox,2,329,1883.99,,,,363,,,339,,,,,,,164,Slovenia,364,Setter,,,,1986-09-15,200,,,,,,,,18838,,100,,91,,,
Kévin Tillie,Volleybox,4,325,1882.35,,,,364,,,345,,,,,,,,France,365,Outside Hitter,,,,1990-11-02,198,,,,,,,,32014,,72,,85,,,
Michele Pasinato,soidensir3,0,,1876.70,,,,2,,,,,,,,,,,Italy,366,Opposite,,,,1969-03-13,196,,,,,,,,3463,,50,,84,,,
Denis Biryukov,Volleybox,2,324,1874.70,,,,457,,,352,,,,,,,,Russia,367,Outside Hitter,,,,1988-12-08,202,,,,,,,,11146,,73,,93,,,
Roman Bragin,przemek16,0,305,1874.15,,,,482,,,320,,,,,,,,Russia,368,Libero,,,,1987-04-17,187,,,,,,,,5332,,69,,82,,,
Simon Van De Voorde,Volleybox,5,327,1873.25,,,,380,,,348,,,,,,,379,Belgium,369,Middle-blocker,,,,1989-12-19,208,,,,,,,,15151,,75,,85,,,
Oleg Antonov,Volleybox,2,,1870.49,,,,571,,,,,,,,,,362,Italy,370,Outside Hitter,,,,1988-07-28,198,,,,,,,,19936,,69,,,,,
Andrei Kuznetsov,Volleybox,0,,1866.30,,,,16,,,,,,,,,,,Russia,371,Opposite,,,,1966-04-23,198,,,,,,,,4098,,41,,93,,,
Giórgos Ntrákovits,lmerkou,1,330,1866.06,,,,157,,,345,,,,,,,,Greece,372,Opposite,,,,1968-10-20,200,,,,,,,,2441,,62,,103,,,
Aleksey Spiridonov,Volleybox,1,328,1863.00,,,,322,,,347,,,,,,,392,Russia,373,Outside Hitter,,,,1988-06-26,196,Right,,,,,,,17083,,63,,96,,,
Laurent Tillie,Volleybox,0,,1857.30,,,,1134,,,,374,,,,,,,France,,Outside Hitter,,,,1963-12-01,193,,,,,,,,16330,,155,,84,,85,
Nikola Kovačević,Volleybox,3,340,1857.15,,,,444,,,350,,,,,,,309,Serbia,375,Outside Hitter,,,,1983-02-14,193,,,,,,,,25194,,85,,78,,,
Sergey Orlenko,Volleybox,1,340,1855.10,,,,180,,,354,376,,,,,,,Russia,,Middle-blocker,,,,1971-02-08,203,,,,,,,,2360,,80,,87,,1502,
Tiago Brendle,Volleybox,9,300,1852.10,,,,301,,,315,,,,,,,386,Brazil,377,Libero,,,,1985-10-21,190,,,,,,,,8965,,61,,82,,,
Mários Gkioúrdas,Volleybox,6,341,1851.60,,,,341,,,356,378,,,,,,,Greece,,Outside Hitter,,,,1973-03-02,202,,,,,,,,6338,,84,,90,,,
Oleg Moliboga,slintyen,0,,1850.00,,,,24,,,,379,,,,,,,Russia,,Universal,,,,1953-02-27,193,,,,,,,,1023,,70,,86,,309,
Giovanni Errichiello,John Doe,1,,1847.80,,,,20,,,,380,,,,,,,Italy,,Middle-blocker,,,,1960-06-12,194,,,,,,,,2036,,47,,83,,,
Marcus Nilsson,Volleybox,13,350,1847.38,,,,378,,,360,,,,,,,537,Sweden,381,Opposite,,,,1982-10-07,208,,,,,,,,19529,,79,,95,,,
Jean-François Exiga,Volleybox,3,312,1847.15,,,,581,,,320,,,,,,,,France,382,Libero,,,,1982-03-09,176,,,,,,,,5494,,69,,75,,,
Simon Tischer,Volleybox,3,328,1843.05,,,,303,,,346,,,,,,,,Germany,383,Setter,,,,1982-04-24,194,,,,,,,,8711,,75,,88,,,
Gabriele Nelli,soidensir3,1,320,1841.79,,,,522,,,355,,,,,,,96,Italy,384,Opposite,,,,1993-12-04,210,,,,,,,,17958,,62,,100,,,
Frank Depestele,,6,330,1841.30,,,,523,,,335,385,,,,,,,Belgium,,Setter,,,2 weeks ago,1977-09-03,191,,,,,,,,14232,,105,,96,,1748,
Stijn D'Hulst,Volleybox,5,305,1840.15,,,,444,,,321,,,,,,,22,Belgium,386,Setter,,,,1991-04-24,187,,,,,,,,12063,,78,,75,,,
Alejandro Spajić,Volleybox,3,340,1837.65,,,,137,,,360,,,,,,,,Argentina,387,Middle-blocker,,,,1976-05-07,204,,,,,,,,5028,,74,,95,,,
Oliver Venno,Volleybox,10,335,1828.30,,,,248,,,355,,,,,,,362,Estonia,388,Opposite,,,,1990-05-23,210,,,,,,,,23548,,93,,105,,,
Antoine Brizard,Kondes,7,310,1826.60,,,,432,,,347,,,,,,,21,France,389,Setter,,,,1994-05-22,196,Right,,,,,,,34571,,62,,96,,,
Amir Ghafour,Volleybox,9,334,1826.50,,,,137,,,354,,,,,,,75,Iran,390,Opposite,,,,1991-06-06,202,Right,,,,,,,30063,,51,,90,,,
Anatoliy Polishchuk,John Doe,0,,1826.00,,,,21,,,,,,,,,,,Ukraine,391,Outside Hitter,,,,1950-01-11,196,,,,,,,,567,,27,,,,,
Damian Wojtaszek,Volleybox,4,305,1825.45,,,,350,,,315,,,,,,,,Poland,392,Libero,,,,1988-09-07,180,,,,,,,,9409,,74,,76,,,
Paweł Woicki,Volleybox,2,305,1824.24,,,,527,,,315,393,,,,,,487,Poland,,Setter,,,,1983-06-29,183,,,,,,,,9149,,103,,76,,998,
Dante Boninfante,Volleybox,0,315,1823.65,,,,620,,,334,394,,,,,,,Italy,,Setter,,,,1977-03-07,194,,,,,,,,8850,,86,,75,,1147,
Wojciech Grzyb,Volleybox,0,332,1821.90,,,,237,,,359,,,,,,,,Poland,395,Middle-blocker,,,,1981-01-04,206,,,,,,,,4837,,69,,101,,,
Oleksandr Sorokalet,John Doe,0,,1820.80,,,,96,,,,,,,,,,,Ukraine,396,Outside Hitter,,,,1959-03-27,194,,,,,,,,1737,,43,,89,,,
Nicholas Hoag,Volleybox,8,330,1820.60,,,,440,,,355,,,,,,,195,Canada,397,Outside Hitter,,,,1992-08-19,200,Right,,,,,,,26845,,71,,91,,,
Marcin Nowak,Volleybox,2,330,1816.64,,,,21,,,350,,,,,,,,Poland,398,Middle-blocker,,,,1975-10-17,215,,,,,,,,10754,,70,,110,,,
Aleksey Bovdui,John Doe,0,,1814.95,,,,197,,,,399,,,,,,,Russia,,Outside Hitter,,,,1977-10-26,202,,,,,,,,1315,,63,,,,2328,
Tatsuya Fukuzawa,Volleybox,9,330,1814.60,,,,213,,,355,,,,,,,,Japan,400,Outside Hitter,,,,1986-07-01,189,Right,,,,,,,17193,,69,,88,,,
Leondino Giombini,marciovolley,3,323,1813.60,,,,220,,,355,401,,,,,,,Italy,,Opposite,,,,1975-01-30,204,,,,,,,,2587,,67,,107,,4337,
Maique Nascimento,marciovolley,13,255,1809.25,,,,255,,,310,,,,,,,25,Brazil,402,Libero,,,,1997-01-16,187,,,,,,,,8342,,49,,78,,,
Barış Özdemir,John Doe,1,,1804.64,,,,233,,,,403,,,,,,,Turkey,,Outside Hitter,,,,1972-06-25,197,,,,,,,,7749,,104,,,,1623,
Laurent Capet,Volleybox,1,325,1804.60,,,,517,,,350,404,,,,,,,France,,Opposite,,,,1972-05-05,202,,,,,,,,5990,,64,,92,,4679,
Milad Ebadipour,irvolley,5,340,1803.70,,,,307,,,360,,,,,,,282,Iran,405,Outside Hitter,,,,1993-10-17,196,Right,,,,,,,30125,,65,,88,,,
Robert Szczerbaniuk,Volleybox,1,327,1803.26,,,,62,,,350,,,,,,,,Poland,406,Middle-blocker,,,,1977-05-29,199,,,,,,,,7828,,67,,89,,,
Akif Gökhan Öner,Volleybox,2,,1798.40,,,,173,,,,407,,,,,,,Turkey,,Middle-blocker,,,,1972-09-06,194,,,,,,,,6222,,101,,,,2042,
Mikhail Beketov,Volleybox,3,,1797.20,,,,82,,,,408,,,,,,,Russia,,Opposite,,,,1976-03-16,199,,,,,,,,4532,,61,,,,4364,
Rob Bontje,Volleybox,3,336,1794.60,,,,352,,,359,,,,,,,545,Netherlands,409,Middle-blocker,,,,1981-05-12,206,,,,,,,,10525,,82,,94,,,
Bernard Rajzman,Volleybox,1,,1790.75,,,,3,,,,,,,,,,,Brazil,410,Middle-blocker,,,,1957-04-25,186,,,,,,,,5708,,47,,87,,,
Marco Liefke,Volleybox,4,333,1790.03,,,,33,,,352,,,,,,,,Germany,411,Opposite,,,,1974-07-15,208,,,,,,,,4797,,69,,89,,,
Victor Sidelnikov,Volleybox,1,,1789.90,,,,273,,,,412,,,,,,,Russia,,Setter,,,,1963-01-15,190,,,,,,,,2284,,101,,,,401,
Saša Starović,Volleybox,5,321,1788.10,,,,385,,,335,,,,,,,,Serbia,413,Opposite,,,,1988-10-19,207,Left,,,,,,,15173,,64,,89,,,
Roberto Masciarelli,Volleybox,0,,1787.90,,,,57,,,,414,,,,,,,Italy,,Middle-blocker,,,,1963-09-05,196,,,,,,,,3610,,63,,,,995,
Jeff Stork,Volleybox,2,,1787.50,,,,6,,,,415,,,,,,,USA,,Setter,,,,1960-07-08,194,,,,,,,,5995,,61,,80,,4088,
Gustavo Bonatto,Volleybox,6,320,1784.75,,,,325,,,340,,,,,,,73,Brazil,416,Middle-blocker,,,,1986-01-02,215,,,,,,,,15115,,71,,113,,,
Daniele Vergnaghi,John Doe,0,315,1782.40,,,,94,,,345,,,,,,,,Italy,417,Libero,,,,1972-09-16,192,,,,,,,,1040,,58,,82,,,
Faik Samet Güneş,sait864,8,330,1781.90,,,,282,,,343,,,,,,,168,Turkey,418,Middle-blocker,,,,1993-05-27,203,,,,,,,,16067,,70,,96,,,
Yurii Hladir,Volleybox,7,340,1781.60,,,,346,,,360,,,,,,,270,Ukraine,419,Middle-blocker,,,,1984-07-08,202,Right,,,,,,,14568,,67,,96,,,
Aleksandar Okolić,przemek16,7,320,1778.64,,,,241,,,347,,,,,,,302,Serbia,420,Middle-blocker,,,,1993-06-26,205,,,,,,,,18785,,79,,90,,,
Tomasz Wójtowicz,Volleybox,3,,1777.95,,,,7,,,,,,,,,,,Poland,421,Middle-blocker,,,,1953-09-22,197,,,,,,,,5338,,34,,97,,5011,
Valeriy Komarov,Volleybox,2,310,1771.35,,,,175,,,320,,,,,,,,Russia,422,Libero,,,,1980-03-21,187,,,,,,,,5225,,57,,85,,,
Hamzeh Zarini,przemek16,7,338,1771.30,,,,28,,,350,,,,,,,382,Iran,423,Outside Hitter,,,,1985-10-18,198,,,,,,,,10013,,51,,91,,,
Krzysztof Stelmach,Volleybox,5,320,1768.65,,,,301,,,340,424,,,,,,,Poland,,Outside Hitter,,,,1967-11-11,198,,,,,,,,6044,,94,,94,,482,
Ardo Kreek,Volleybox,6,330,1768.55,,,,461,,,339,,,,,,,203,Estonia,425,Middle-blocker,,,,1986-08-07,202,,,,,,,,10385,,96,,100,,,
Raphael Margarido,Volleybox,1,303,1766.50,,,,169,,,310,,,,,,,,Brazil,426,Setter,,,,1983-04-28,185,,,,,,,,9671,,70,,83,,,
Dominique Daquin,Volleybox,2,325,1763.15,,,,409,,,352,,,,,,,,France,427,Middle-blocker,,,,1972-11-10,198,,,,,,,,4856,,59,,85,,,
Antónios Tsakirópoulos,Ronan Caroff,0,336,1761.19,,,,285,,,350,428,,,,,,,Greece,,Middle-blocker,,,,1969-07-01,205,,,,,,,,1742,,82,,93,,5346,
Jani Kovačič,lebdim,8,,1758.25,,,,216,,,,,,,,,,98,Slovenia,429,Libero,,,,1992-06-14,185,,,,,,,,13906,,73,,,,,
Nikolay Nikolov,Volleybox,6,332,1757.76,,,,278,,,350,,,,,,,314,Bulgaria,430,Middle-blocker,,,,1986-07-29,206,,,,,,,,16616,,79,,97,,,
Novica Bjelica,Volleybox,5,324,1755.50,,,,402,,,343,,,,,,,243,Serbia,431,Middle-blocker,,,,1983-02-09,202,,,,,,,,16109,,68,,86,,,
Iván Contreras,Volleybox,9,335,1752.40,,,,232,,,345,,,,,,,,Mexico,432,Opposite,,,,1974-01-29,198,,,,,,,,7503,,74,,96,,,
Alessandro Michieletto,S…k,13,355,1752.10,,,,176,,,373,,,,,,,96,Italy,433,Outside Hitter,,,,2001-12-05,211,Left,,,,,,,69893,,35,,88,,,
Fernando Hernández,Volleybox,10,339,1751.10,,,,275,,,358,,,,,,,67,Cuba,434,Opposite,,,,1989-09-11,196,Left,,,,,,,43226,,51,,93,,,
Thibault Rossard,justVolleycom,7,320,1750.70,,,,449,,,343,,,,,,,326,France,435,Outside Hitter,,,,1993-08-28,193,Left,,,,,,,25835,,54,,85,,,
Igor Kolodinskiy,Volleybox,0,325,1745.55,,,,378,,,340,,,,,,,,Russia,436,Setter,,,,1983-07-07,194,Right,,,,,,,15179,,79,,92,,,
Giancarlo Dametto,marciovolley,0,,1743.30,,,,14,,,,,,,,,,,Italy,437,Middle-blocker,,,,1959-01-06,195,,,,,,,,698,,44,,,,,
Lyubomir Ganev,Volleybox,7,,1741.70,,,,12,,,,,,,,,,,Bulgaria,438,Opposite,,,,1965-10-06,210,,,,,,,,6689,,46,,,,,
Dore Della Lunga,Volleybox,1,325,1736.90,,,,523,,,342,439,,,,,,,Italy,,Outside Hitter,,,,1984-07-25,195,,,,,,,,8092,,58,,87,,5188,
Vladimir Melnik,Volleybox,0,338,1735.20,,,,154,,,347,,,,,,,,Russia,440,Outside Hitter,,,,1980-07-21,200,,,,,,,,5899,,55,,95,,,
William Carvalho da Silva,marciovolley,0,,1731.20,,,,52,,,,441,,,,,,,Brazil,,Setter,,,,1954-11-16,185,,,,,,,,4258,,81,,83,,564,
Hendrik Tuerlinckx,,5,338,1728.35,,,,546,,,355,442,,,,,,295,Belgium,,Opposite,,,2 years ago,1987-12-01,195,Right,,,,,,,20648,,92,,86,,4610,
Sebastian Garrocq,Volleybox,8,302,1725.45,,,,66,,,310,,,,,,,,Argentina,443,Libero,,,,1979-11-27,170,,,,,,,,3699,,50,,63,,,
Mike Van de Goor,Ronan Caroff,1,322,1723.90,,,,26,,,350,,,,,,,,Netherlands,444,Opposite,,,,1973-05-14,207,,,,,,,,2778,,71,,96,,,
Miloš Nikić,Volleybox,0,330,1718.65,,,,297,,,350,,,,,,,,Serbia,445,Outside Hitter,,,,1986-03-31,194,,,,,,,,15169,,75,,79,,,
Katsutoshi Tsumagari,Volleybox,10,315,1716.45,,,,188,,,320,446,,,,,,,Japan,,Libero,,,,1975-11-02,183,,,,,,,,2987,,75,,75,,1627,
Konstantin Reva,tomof78,2,,1715.00,,,,0,,,,,,,,,,,Russia,447,Outside Hitter,,,,1921-04-10,184,,,,,,,,1329,,27,,,,2281,
Sulaiman Saad,przemek16,6,315,1714.19,,,,134,,,320,,,,,,,362,Qatar,448,Libero,,,,1987-06-30,182,,,,,,,,5895,,111,,79,,,
Kyung-Soo Lee,Volleybox,10,315,1710.95,,,,160,,,332,449,,,,,,,South Korea,,Outside Hitter,,,,1979-04-27,198,,,,,,,,3518,,68,,90,,3607,
Yun-Chang Jang,WoohyongChoi,10,,1710.90,,,,23,,,,450,,,,,,,South Korea,,Opposite,,,,1960-09-10,195,Left,,,,,,,916,,70,,,,2477,
André Lopes,Volleybox,5,332,1710.71,,,,376,,,342,451,,,,,,261,Portugal,,Outside Hitter,,,,1982-09-12,193,,,,,,,,8422,,91,,86,,,
Raimonds Vilde,Ainars,0,,1710.70,,,,53,,,,452,,,,,,,Latvia,,Middle-blocker,,,,1962-08-19,200,Right,,,,,,,2438,,67,,104,,1718,
Jiří Novák,Volleybox,1,328,1708.85,,,,733,,,344,453,,,,,,,Czech Republic,,Outside Hitter,,,,1974-11-19,197,Right,,,,,,,7224,,102,,85,,783,
Ulaş Kıyak,Volleybox,4,300,1707.20,,,,274,,,322,,,,,,,195,Turkey,454,Setter,,,,1981-08-11,187,,,,,,,,19245,,78,,82,,,
Ilyas Kurkaev,soidensir3,11,335,1706.85,,,,366,,,370,,,,,,,,Russia,455,Middle-blocker,,,,1994-01-18,208,Right,,,,,,,14925,,55,,98,,,
Trévor Clévenot,justVolleycom,4,326,1704.40,,,,399,,,345,,,,,,,270,France,456,Outside Hitter,,,,1994-06-28,199,Right,,,,,,,36740,,62,,90,,,
Hasan Yeşilbudak,Volleybox,6,315,1703.35,,,,267,,,330,,,,,,,195,Turkey,457,Libero,,,,1984-01-11,190,,,,,,,,7642,,70,,80,,,
Hristo Tsvetanov,,3,330,1701.44,,,,251,,,345,458,,,,,,,Bulgaria,,Middle-blocker,,,3 months ago,1978-03-29,198,,,,,,,,14705,,101,,85,,4151,
Roman Martynyuk,Volleybox,4,310,1701.30,,,,379,,,325,,,,,,,,Russia,459,Libero,,,,1987-04-13,182,,,,,,,,6885,,67,,73,,,
Ahmet Toçoğlu,,1,339,1701.05,,,,84,,,354,,,,,,,,Turkey,460,Middle-blocker,,,2 years ago,1980-03-13,202,Right,,,,,,,8686,,65,,,,,
Yuri Cherednik,Volleybox,0,,1699.80,,,,166,,,,461,,,,,,,Russia,,Outside Hitter,,,,1966-06-25,203,,,,,,,,4504,,89,,101,,445,
Riley Salmon,Volleybox,1,331,1697.70,,,,139,,,345,462,,,,,,,USA,,Outside Hitter,,,,1976-07-02,198,,,,,,,,6663,,54,,89,,,
Jakub Jarosz,Volleybox,4,335,1696.90,,,,335,,,360,,,,,,,439,Poland,463,Opposite,,,,1987-02-10,197,,,,,,,,10003,,60,,94,,,
Christian Dünnes,Volleybox,5,322,1696.35,,,,143,,,338,,,,,,,,Germany,464,Outside Hitter,,,,1984-06-15,207,,,,,,,,6939,,55,,105,,,
Paweł Papke,,,,1694.24,,,196,,4569,Atakujący,,,348,,,1977-02-13,,,,,,465,80,,,,,Polska,,,338,Volleybox,,,,,,,,,
Takaaki Tomimatsu,soidensir3,11,,1692.95,,,,278,,,330,466,,,,,,,Japan,,Middle-blocker,,,,1984-07-20,191,,,,,,,,6337,,77,,85,,5325,
Ludovic Castard,Volleybox,3,325,1684.30,,,,579,,,348,,,,,,,,France,467,Opposite,,,,1983-01-18,195,,,,,,,,6291,,75,,85,,,
Valeriy Goryushev,marciovolley,0,341,1680.75,,,,15,,,353,,,,,,,,Russia,468,Outside Hitter,,,,1973-04-26,198,,,,,,,,1665,,53,,89,,,
Konstantin Čupković,Volleybox,5,325,1679.89,,,,409,,,360,,,,,,,494,Serbia,469,Outside Hitter,,,,1987-01-02,205,,,,,,,,21158,,80,,89,,,
Stefano Margutti,Volleybox,1,,1677.55,,,,4,,,,,,,,,,,Italy,470,Opposite,,,,1968-03-04,198,,,,,,,,3680,,50,,74,,,
Matthijs Verhanneman,,3,320,1675.55,,,,586,,,352,,,,,,,58,Belgium,471,Outside Hitter,,,2 years ago,1988-12-08,198,Right,,,,,,,10473,,86,,98,,,
Dan Lewis,Volleybox,4,325,1674.50,,,,261,,,340,472,,,,,,,Canada,,Libero,,,,1976-04-03,190,,,,,,,,9222,,73,,88,,2716,
Ilya Vlasov,Volleybox,6,340,1673.55,,,,347,,,370,,,,,,,,Russia,473,Middle-blocker,,,,1995-08-03,212,,,,,,,,17979,,53,,98,,,
Robert Kromm,Volleybox,5,339,1671.05,,,,373,,,363,474,,,,,,,Germany,,Outside Hitter,,,,1984-03-09,212,,,,,,,,8641,,64,,92,,,
Yuki Ishikawa,Volleybox,20,330,1669.00,,,,283,,,355,,,,,,,282,Japan,475,Outside Hitter,,,,1995-12-11,192,Right,,,,,,,151214,,56,,84,,,
Mateusz Mika,Volleybox,3,320,1667.10,,,,340,,,354,,,,,,,245,Poland,476,Outside Hitter,,,,1991-01-21,207,,,,,,,,19128,,63,,85,,,
Ryan Millar,Volleybox,3,326,1666.90,,,,49,,,354,,,,,,,,USA,477,Middle-blocker,,,,1978-01-22,204,,,,,,,,4861,,48,,98,,,
Blair Bann,Volleybox,11,295,1663.75,,,,296,,,314,478,,,,,,164,Canada,,Libero,,,,1988-02-26,184,,,,,,,,11918,,66,,84,,,
Gregory Berríos,Volleybox,13,299,1663.10,,,,206,,,305,479,,,,,,,Puerto Rico,,Libero,,,,1979-01-24,182,,,,,,,,6691,,64,,83,,2389,
